score;completeness;rescuebot_action;rescuebot_location;ben_action;ben_location;world_nr;tick_nr
0;0.0;;(22, 11);;(22, 12);1;0
0;0.0;;(22, 11);;(22, 12);1;1
0;0.0;;(22, 11);;(22, 12);1;2
0;0.0;;(22, 11);;(22, 12);1;3
0;0.0;;(22, 11);;(22, 12);1;4
0;0.0;;(22, 11);;(22, 12);1;5
0;0.0;;(22, 11);;(22, 12);1;6
0;0.0;;(22, 11);;(22, 12);1;7
0;0.0;;(22, 11);;(22, 12);1;8
0;0.0;;(22, 11);;(22, 12);1;9
0;0.0;;(22, 11);;(22, 12);1;10
0;0.0;;(22, 11);;(22, 12);1;11
0;0.0;;(22, 11);;(22, 12);1;12
0;0.0;;(22, 11);;(22, 12);1;13
0;0.0;;(22, 11);;(22, 12);1;14
0;0.0;;(22, 11);;(22, 12);1;15
0;0.0;;(22, 11);;(22, 12);1;16
0;0.0;;(22, 11);;(22, 12);1;17
0;0.0;;(22, 11);;(22, 12);1;18
0;0.0;;(22, 11);;(22, 12);1;19
0;0.0;;(22, 11);;(22, 12);1;20
0;0.0;;(22, 11);;(22, 12);1;21
0;0.0;;(22, 11);;(22, 12);1;22
0;0.0;;(22, 11);;(22, 12);1;23
0;0.0;;(22, 11);;(22, 12);1;24
0;0.0;;(22, 11);;(22, 12);1;25
0;0.0;;(22, 11);;(22, 12);1;26
0;0.0;;(22, 11);;(22, 12);1;27
0;0.0;;(22, 11);;(22, 12);1;28
0;0.0;;(22, 11);;(22, 12);1;29
0;0.0;;(22, 11);;(22, 12);1;30
0;0.0;;(22, 11);;(22, 12);1;31
0;0.0;;(22, 11);;(22, 12);1;32
0;0.0;;(22, 11);;(22, 12);1;33
0;0.0;;(22, 11);;(22, 12);1;34
0;0.0;;(22, 11);;(22, 12);1;35
0;0.0;;(22, 11);;(22, 12);1;36
0;0.0;;(22, 11);;(22, 12);1;37
0;0.0;;(22, 11);;(22, 12);1;38
0;0.0;;(22, 11);;(22, 12);1;39
0;0.0;;(22, 11);;(22, 12);1;40
0;0.0;;(22, 11);;(22, 12);1;41
0;0.0;;(22, 11);;(22, 12);1;42
0;0.0;;(22, 11);;(22, 12);1;43
0;0.0;;(22, 11);;(22, 12);1;44
0;0.0;;(22, 11);;(22, 12);1;45
0;0.0;;(22, 11);;(22, 12);1;46
0;0.0;;(22, 11);;(22, 12);1;47
0;0.0;;(22, 11);;(22, 12);1;48
0;0.0;;(22, 11);;(22, 12);1;49
0;0.0;;(22, 11);;(22, 12);1;50
0;0.0;;(22, 11);;(22, 12);1;51
0;0.0;;(22, 11);;(22, 12);1;52
0;0.0;;(22, 11);;(22, 12);1;53
0;0.0;;(22, 11);;(22, 12);1;54
0;0.0;;(22, 11);;(22, 12);1;55
0;0.0;;(22, 11);;(22, 12);1;56
0;0.0;;(22, 11);;(22, 12);1;57
0;0.0;;(22, 11);;(22, 12);1;58
0;0.0;;(22, 11);;(22, 12);1;59
0;0.0;;(22, 11);;(22, 12);1;60
0;0.0;;(22, 11);;(22, 12);1;61
0;0.0;;(22, 11);;(22, 12);1;62
0;0.0;;(22, 11);;(22, 12);1;63
0;0.0;;(22, 11);;(22, 12);1;64
0;0.0;;(22, 11);;(22, 12);1;65
0;0.0;;(22, 11);;(22, 12);1;66
0;0.0;;(22, 11);;(22, 12);1;67
0;0.0;;(22, 11);;(22, 12);1;68
0;0.0;;(22, 11);;(22, 12);1;69
0;0.0;;(22, 11);;(22, 12);1;70
0;0.0;;(22, 11);;(22, 12);1;71
0;0.0;;(22, 11);;(22, 12);1;72
0;0.0;;(22, 11);;(22, 12);1;73
0;0.0;;(22, 11);;(22, 12);1;74
0;0.0;;(22, 11);;(22, 12);1;75
0;0.0;;(22, 11);;(22, 12);1;76
0;0.0;;(22, 11);;(22, 12);1;77
0;0.0;;(22, 11);;(22, 12);1;78
0;0.0;;(22, 11);;(22, 12);1;79
0;0.0;;(22, 11);;(22, 12);1;80
0;0.0;;(22, 11);;(22, 12);1;81
0;0.0;;(22, 11);;(22, 12);1;82
0;0.0;;(22, 11);;(22, 12);1;83
0;0.0;;(22, 11);;(22, 12);1;84
0;0.0;;(22, 11);;(22, 12);1;85
0;0.0;;(22, 11);;(22, 12);1;86
0;0.0;;(22, 11);;(22, 12);1;87
0;0.0;;(22, 11);;(22, 12);1;88
0;0.0;;(22, 11);;(22, 12);1;89
0;0.0;;(22, 11);;(22, 12);1;90
0;0.0;;(22, 11);;(22, 12);1;91
0;0.0;;(22, 11);;(22, 12);1;92
0;0.0;;(22, 11);;(22, 12);1;93
0;0.0;;(22, 11);;(22, 12);1;94
0;0.0;;(22, 11);;(22, 12);1;95
0;0.0;;(22, 11);;(22, 12);1;96
0;0.0;;(22, 11);;(22, 12);1;97
0;0.0;;(22, 11);;(22, 12);1;98
0;0.0;;(22, 11);;(22, 12);1;99
0;0.0;;(22, 11);;(22, 12);1;100
0;0.0;;(22, 11);;(22, 12);1;101
0;0.0;;(22, 11);;(22, 12);1;102
0;0.0;;(22, 11);;(22, 12);1;103
0;0.0;;(22, 11);;(22, 12);1;104
0;0.0;;(22, 11);;(22, 12);1;105
0;0.0;;(22, 11);;(22, 12);1;106
0;0.0;;(22, 11);;(22, 12);1;107
0;0.0;;(22, 11);;(22, 12);1;108
0;0.0;;(22, 11);;(22, 12);1;109
0;0.0;;(22, 11);;(22, 12);1;110
0;0.0;;(22, 11);;(22, 12);1;111
0;0.0;;(22, 11);;(22, 12);1;112
0;0.0;;(22, 11);;(22, 12);1;113
0;0.0;;(22, 11);;(22, 12);1;114
0;0.0;;(22, 11);;(22, 12);1;115
0;0.0;;(22, 11);;(22, 12);1;116
0;0.0;;(22, 11);;(22, 12);1;117
0;0.0;;(22, 11);;(22, 12);1;118
0;0.0;;(22, 11);;(22, 12);1;119
0;0.0;;(22, 11);;(22, 12);1;120
0;0.0;;(22, 11);MoveWest;(21, 12);1;121
0;0.0;;(22, 11);MoveWest;(20, 12);1;122
0;0.0;MoveNorth;(22, 11);;(20, 12);1;123
0;0.0;MoveNorth;(22, 11);;(20, 12);1;124
0;0.0;MoveNorth;(22, 11);;(20, 12);1;125
0;0.0;MoveNorth;(22, 11);;(20, 12);1;126
0;0.0;MoveNorth;(22, 11);;(20, 12);1;127
0;0.0;MoveNorth;(22, 11);;(20, 12);1;128
0;0.0;MoveNorth;(22, 11);;(20, 12);1;129
0;0.0;MoveNorth;(22, 11);;(20, 12);1;130
0;0.0;MoveNorth;(22, 10);;(20, 12);1;131
0;0.0;MoveNorth;(22, 10);;(20, 12);1;132
0;0.0;MoveNorth;(22, 10);;(20, 12);1;133
0;0.0;MoveNorth;(22, 10);;(20, 12);1;134
0;0.0;MoveNorth;(22, 10);;(20, 12);1;135
0;0.0;MoveNorth;(22, 10);;(20, 12);1;136
0;0.0;MoveNorth;(22, 10);;(20, 12);1;137
0;0.0;MoveNorth;(22, 10);;(20, 12);1;138
0;0.0;MoveNorth;(22, 10);;(20, 12);1;139
0;0.0;MoveNorth;(22, 9);;(20, 12);1;140
0;0.0;MoveNorth;(22, 9);;(20, 12);1;141
0;0.0;MoveNorth;(22, 9);;(20, 12);1;142
0;0.0;MoveNorth;(22, 9);;(20, 12);1;143
0;0.0;MoveNorth;(22, 9);;(20, 12);1;144
0;0.0;MoveNorth;(22, 9);;(20, 12);1;145
0;0.0;MoveNorth;(22, 9);;(20, 12);1;146
0;0.0;MoveNorth;(22, 9);;(20, 12);1;147
0;0.0;MoveNorth;(22, 9);;(20, 12);1;148
0;0.0;MoveNorth;(22, 8);;(20, 12);1;149
0;0.0;MoveNorth;(22, 8);;(20, 12);1;150
0;0.0;MoveNorth;(22, 8);;(20, 12);1;151
0;0.0;MoveNorth;(22, 8);;(20, 12);1;152
0;0.0;MoveNorth;(22, 8);;(20, 12);1;153
0;0.0;MoveNorth;(22, 8);;(20, 12);1;154
0;0.0;MoveNorth;(22, 8);;(20, 12);1;155
0;0.0;MoveNorth;(22, 8);;(20, 12);1;156
0;0.0;MoveNorth;(22, 8);;(20, 12);1;157
0;0.0;MoveNorth;(22, 7);;(20, 12);1;158
0;0.0;MoveNorthWest;(22, 7);;(20, 12);1;159
0;0.0;MoveNorthWest;(22, 7);;(20, 12);1;160
0;0.0;MoveNorthWest;(22, 7);;(20, 12);1;161
0;0.0;MoveNorthWest;(22, 7);;(20, 12);1;162
0;0.0;MoveNorthWest;(22, 7);;(20, 12);1;163
0;0.0;MoveNorthWest;(22, 7);;(20, 12);1;164
0;0.0;MoveNorthWest;(22, 7);;(20, 12);1;165
0;0.0;MoveNorthWest;(22, 7);;(20, 12);1;166
0;0.0;MoveNorthWest;(21, 6);;(20, 12);1;167
0;0.0;MoveNorth;(21, 6);;(20, 12);1;168
0;0.0;MoveNorth;(21, 6);;(20, 12);1;169
0;0.0;MoveNorth;(21, 6);;(20, 12);1;170
0;0.0;MoveNorth;(21, 6);;(20, 12);1;171
0;0.0;MoveNorth;(21, 6);;(20, 12);1;172
0;0.0;MoveNorth;(21, 6);;(20, 12);1;173
0;0.0;MoveNorth;(21, 6);;(20, 12);1;174
0;0.0;MoveNorth;(21, 6);;(20, 12);1;175
0;0.0;MoveNorth;(21, 5);;(20, 12);1;176
0;0.0;MoveNorth;(21, 5);;(20, 12);1;177
0;0.0;MoveNorth;(21, 5);;(20, 12);1;178
0;0.0;MoveNorth;(21, 5);;(20, 12);1;179
0;0.0;MoveNorth;(21, 5);;(20, 12);1;180
0;0.0;MoveNorth;(21, 5);;(20, 12);1;181
0;0.0;MoveNorth;(21, 5);;(20, 12);1;182
0;0.0;MoveNorth;(21, 5);;(20, 12);1;183
0;0.0;MoveNorth;(21, 5);;(20, 12);1;184
0;0.0;MoveNorth;(21, 4);;(20, 12);1;185
0;0.0;MoveNorthWest;(21, 4);;(20, 12);1;186
0;0.0;MoveNorthWest;(21, 4);;(20, 12);1;187
0;0.0;MoveNorthWest;(21, 4);;(20, 12);1;188
0;0.0;MoveNorthWest;(21, 4);;(20, 12);1;189
0;0.0;MoveNorthWest;(21, 4);;(20, 12);1;190
0;0.0;MoveNorthWest;(21, 4);;(20, 12);1;191
0;0.0;MoveNorthWest;(21, 4);;(20, 12);1;192
0;0.0;MoveNorthWest;(21, 4);;(20, 12);1;193
0;0.0;MoveNorthWest;(20, 3);;(20, 12);1;194
0;0.0;MoveNorth;(20, 3);;(20, 12);1;195
0;0.0;MoveNorth;(20, 3);;(20, 12);1;196
0;0.0;MoveNorth;(20, 3);;(20, 12);1;197
0;0.0;MoveNorth;(20, 3);;(20, 12);1;198
0;0.0;MoveNorth;(20, 3);;(20, 12);1;199
0;0.0;MoveNorth;(20, 3);;(20, 12);1;200
0;0.0;MoveNorth;(20, 3);;(20, 12);1;201
0;0.0;MoveNorth;(20, 3);;(20, 12);1;202
0;0.0;MoveNorth;(20, 2);;(20, 12);1;203
0;0.0;MoveSouthEast;(20, 2);;(20, 12);1;204
0;0.0;MoveSouthEast;(20, 2);;(20, 12);1;205
0;0.0;MoveSouthEast;(20, 2);;(20, 12);1;206
0;0.0;MoveSouthEast;(20, 2);;(20, 12);1;207
0;0.0;MoveSouthEast;(20, 2);;(20, 12);1;208
0;0.0;MoveSouthEast;(20, 2);;(20, 12);1;209
0;0.0;MoveSouthEast;(20, 2);;(20, 12);1;210
0;0.0;MoveSouthEast;(20, 2);;(20, 12);1;211
0;0.0;MoveSouthEast;(21, 3);;(20, 12);1;212
0;0.0;MoveNorthEast;(21, 3);;(20, 12);1;213
0;0.0;MoveNorthEast;(21, 3);;(20, 12);1;214
0;0.0;MoveNorthEast;(21, 3);;(20, 12);1;215
0;0.0;MoveNorthEast;(21, 3);;(20, 12);1;216
0;0.0;MoveNorthEast;(21, 3);;(20, 12);1;217
0;0.0;MoveNorthEast;(21, 3);;(20, 12);1;218
0;0.0;MoveNorthEast;(21, 3);;(20, 12);1;219
0;0.0;MoveNorthEast;(21, 3);MoveWest;(19, 12);1;220
0;0.0;MoveNorthEast;(22, 2);;(19, 12);1;221
0;0.0;Idle;(22, 2);;(19, 12);1;222
0;0.0;Idle;(22, 2);;(19, 12);1;223
0;0.0;Idle;(22, 2);;(19, 12);1;224
0;0.0;Idle;(22, 2);;(19, 12);1;225
0;0.0;Idle;(22, 2);;(19, 12);1;226
0;0.0;Idle;(22, 2);;(19, 12);1;227
0;0.0;Idle;(22, 2);;(19, 12);1;228
0;0.0;Idle;(22, 2);;(19, 12);1;229
0;0.0;Idle;(22, 2);;(19, 12);1;230
0;0.0;Idle;(22, 2);;(19, 12);1;231
0;0.0;Idle;(22, 2);;(19, 12);1;232
0;0.0;Idle;(22, 2);;(19, 12);1;233
0;0.0;Idle;(22, 2);;(19, 12);1;234
0;0.0;Idle;(22, 2);MoveWest;(18, 12);1;235
0;0.0;Idle;(22, 2);;(18, 12);1;236
0;0.0;Idle;(22, 2);;(18, 12);1;237
0;0.0;Idle;(22, 2);;(18, 12);1;238
0;0.0;Idle;(22, 2);;(18, 12);1;239
0;0.0;Idle;(22, 2);MoveWest;(18, 12);1;240
0;0.0;Idle;(22, 2);MoveWest;(18, 12);1;241
0;0.0;Idle;(22, 2);MoveWest;(18, 12);1;242
0;0.0;Idle;(22, 2);MoveWest;(18, 12);1;243
0;0.0;Idle;(22, 2);MoveWest;(18, 12);1;244
0;0.0;Idle;(22, 2);MoveWest;(17, 12);1;245
0;0.0;Idle;(22, 2);MoveWest;(16, 12);1;246
0;0.0;Idle;(22, 2);MoveWest;(15, 12);1;247
0;0.0;MoveSouthWest;(22, 2);MoveWest;(14, 12);1;248
0;0.0;MoveSouthWest;(22, 2);;(14, 12);1;249
0;0.0;MoveSouthWest;(22, 2);MoveWest;(13, 12);1;250
0;0.0;MoveSouthWest;(22, 2);;(13, 12);1;251
0;0.0;MoveSouthWest;(22, 2);MoveWest;(12, 12);1;252
0;0.0;MoveSouthWest;(22, 2);MoveWest;(11, 12);1;253
0;0.0;MoveSouthWest;(22, 2);;(11, 12);1;254
0;0.0;MoveSouthWest;(22, 2);;(11, 12);1;255
0;0.0;MoveSouthWest;(21, 3);;(11, 12);1;256
0;0.0;MoveSouth;(21, 3);MoveWest;(11, 12);1;257
0;0.0;MoveSouth;(21, 3);MoveWest;(11, 12);1;258
0;0.0;MoveSouth;(21, 3);MoveWest;(11, 12);1;259
0;0.0;MoveSouth;(21, 3);MoveWest;(11, 12);1;260
0;0.0;MoveSouth;(21, 3);MoveWest;(11, 12);1;261
0;0.0;MoveSouth;(21, 3);MoveWest;(10, 12);1;262
0;0.0;MoveSouth;(21, 3);MoveWest;(10, 12);1;263
0;0.0;MoveSouth;(21, 3);MoveWest;(10, 12);1;264
0;0.0;MoveSouth;(21, 4);MoveWest;(10, 12);1;265
0;0.0;MoveSouthWest;(21, 4);MoveWest;(10, 12);1;266
0;0.0;MoveSouthWest;(21, 4);MoveWest;(10, 12);1;267
0;0.0;MoveSouthWest;(21, 4);MoveWest;(9, 12);1;268
0;0.0;MoveSouthWest;(21, 4);MoveWest;(9, 12);1;269
0;0.0;MoveSouthWest;(21, 4);MoveWest;(9, 12);1;270
0;0.0;MoveSouthWest;(21, 4);MoveWest;(9, 12);1;271
0;0.0;MoveSouthWest;(21, 4);MoveWest;(9, 12);1;272
0;0.0;MoveSouthWest;(21, 4);MoveWest;(9, 12);1;273
0;0.0;MoveSouthWest;(20, 5);MoveWest;(8, 12);1;274
0;0.0;MoveWest;(20, 5);;(8, 12);1;275
0;0.0;MoveWest;(20, 5);;(8, 12);1;276
0;0.0;MoveWest;(20, 5);;(8, 12);1;277
0;0.0;MoveWest;(20, 5);MoveNorth;(8, 12);1;278
0;0.0;MoveWest;(20, 5);MoveNorth;(8, 12);1;279
0;0.0;MoveWest;(20, 5);MoveNorth;(8, 12);1;280
0;0.0;MoveWest;(20, 5);MoveNorth;(8, 12);1;281
0;0.0;MoveWest;(20, 5);MoveNorth;(8, 12);1;282
0;0.0;MoveWest;(20, 5);MoveNorth;(8, 11);1;283
0;0.0;MoveWest;(20, 5);MoveNorth;(8, 11);1;284
0;0.0;MoveWest;(20, 5);;(8, 11);1;285
0;0.0;MoveWest;(20, 5);;(8, 11);1;286
0;0.0;MoveWest;(20, 5);;(8, 11);1;287
0;0.0;MoveWest;(19, 5);;(8, 11);1;288
0;0.0;MoveWest;(19, 5);MoveEast;(9, 11);1;289
0;0.0;MoveWest;(19, 5);;(9, 11);1;290
0;0.0;MoveWest;(19, 5);MoveEast;(10, 11);1;291
0;0.0;MoveWest;(19, 5);;(10, 11);1;292
0;0.0;MoveWest;(19, 5);MoveEast;(11, 11);1;293
0;0.0;MoveWest;(19, 5);;(11, 11);1;294
0;0.0;MoveWest;(19, 5);MoveEast;(11, 11);1;295
0;0.0;MoveWest;(19, 5);MoveEast;(11, 11);1;296
0;0.0;MoveWest;(19, 5);MoveEast;(11, 11);1;297
0;0.0;MoveWest;(19, 5);MoveEast;(11, 11);1;298
0;0.0;MoveWest;(19, 5);MoveEast;(11, 11);1;299
0;0.0;MoveWest;(19, 5);MoveEast;(12, 11);1;300
0;0.0;MoveWest;(19, 5);MoveEast;(12, 11);1;301
0;0.0;MoveWest;(18, 5);MoveEast;(12, 11);1;302
0;0.0;MoveWest;(18, 5);MoveEast;(12, 11);1;303
0;0.0;MoveWest;(18, 5);MoveEast;(12, 11);1;304
0;0.0;MoveWest;(18, 5);MoveEast;(12, 11);1;305
0;0.0;MoveWest;(18, 5);MoveEast;(13, 11);1;306
0;0.0;MoveWest;(18, 5);MoveEast;(13, 11);1;307
0;0.0;MoveWest;(18, 5);MoveEast;(13, 11);1;308
0;0.0;MoveWest;(18, 5);MoveEast;(13, 11);1;309
0;0.0;MoveWest;(18, 5);MoveEast;(13, 11);1;310
0;0.0;MoveWest;(17, 5);MoveEast;(13, 11);1;311
0;0.0;MoveWest;(17, 5);MoveEast;(14, 11);1;312
0;0.0;MoveWest;(17, 5);;(14, 11);1;313
0;0.0;MoveWest;(17, 5);;(14, 11);1;314
0;0.0;MoveWest;(17, 5);MoveEast;(14, 11);1;315
0;0.0;MoveWest;(17, 5);MoveEast;(14, 11);1;316
0;0.0;MoveWest;(17, 5);MoveEast;(14, 11);1;317
0;0.0;MoveWest;(17, 5);MoveEast;(14, 11);1;318
0;0.0;MoveWest;(17, 5);MoveEast;(14, 11);1;319
0;0.0;MoveWest;(16, 5);MoveEast;(15, 11);1;320
0;0.0;MoveWest;(16, 5);MoveEast;(15, 11);1;321
0;0.0;MoveWest;(16, 5);MoveEast;(15, 11);1;322
0;0.0;MoveWest;(16, 5);MoveEast;(15, 11);1;323
0;0.0;MoveWest;(16, 5);MoveEast;(15, 11);1;324
0;0.0;MoveWest;(16, 5);MoveEast;(15, 11);1;325
0;0.0;MoveWest;(16, 5);MoveEast;(16, 11);1;326
0;0.0;MoveWest;(16, 5);;(16, 11);1;327
0;0.0;MoveWest;(16, 5);;(16, 11);1;328
0;0.0;MoveWest;(15, 5);;(16, 11);1;329
0;0.0;;(15, 5);;(16, 11);1;330
0;0.0;;(15, 5);;(16, 11);1;331
0;0.0;;(15, 5);;(16, 11);1;332
0;0.0;;(15, 5);;(16, 11);1;333
0;0.0;;(15, 5);;(16, 11);1;334
0;0.0;;(15, 5);;(16, 11);1;335
0;0.0;;(15, 5);MoveEast;(16, 11);1;336
0;0.0;;(15, 5);MoveEast;(16, 11);1;337
0;0.0;;(15, 5);MoveEast;(16, 11);1;338
0;0.0;;(15, 5);MoveEast;(16, 11);1;339
0;0.0;;(15, 5);MoveEast;(16, 11);1;340
0;0.0;;(15, 5);MoveEast;(17, 11);1;341
0;0.0;;(15, 5);;(17, 11);1;342
0;0.0;;(15, 5);;(17, 11);1;343
0;0.0;;(15, 5);;(17, 11);1;344
0;0.0;;(15, 5);;(17, 11);1;345
0;0.0;;(15, 5);;(17, 11);1;346
0;0.0;;(15, 5);;(17, 11);1;347
0;0.0;;(15, 5);;(17, 11);1;348
0;0.0;;(15, 5);;(17, 11);1;349
0;0.0;;(15, 5);;(17, 11);1;350
0;0.0;;(15, 5);;(17, 11);1;351
0;0.0;;(15, 5);;(17, 11);1;352
0;0.0;;(15, 5);;(17, 11);1;353
0;0.0;;(15, 5);;(17, 11);1;354
0;0.0;MoveSouth;(15, 5);;(17, 11);1;355
0;0.0;MoveSouth;(15, 5);;(17, 11);1;356
0;0.0;MoveSouth;(15, 5);;(17, 11);1;357
0;0.0;MoveSouth;(15, 5);;(17, 11);1;358
0;0.0;MoveSouth;(15, 5);;(17, 11);1;359
0;0.0;MoveSouth;(15, 5);;(17, 11);1;360
0;0.0;MoveSouth;(15, 5);;(17, 11);1;361
0;0.0;MoveSouth;(15, 5);;(17, 11);1;362
0;0.0;MoveSouth;(15, 6);;(17, 11);1;363
0;0.0;RemoveObject;(15, 6);;(17, 11);1;364
0;0.0;RemoveObject;(15, 6);;(17, 11);1;365
0;0.0;RemoveObject;(15, 6);;(17, 11);1;366
0;0.0;RemoveObject;(15, 6);;(17, 11);1;367
0;0.0;RemoveObject;(15, 6);;(17, 11);1;368
0;0.0;RemoveObject;(15, 6);MoveWest;(17, 11);1;369
0;0.0;RemoveObject;(15, 6);MoveWest;(17, 11);1;370
0;0.0;RemoveObject;(15, 6);MoveWest;(17, 11);1;371
0;0.0;RemoveObject;(15, 6);MoveWest;(17, 11);1;372
0;0.0;RemoveObject;(15, 6);MoveWest;(17, 11);1;373
0;0.0;RemoveObject;(15, 6);MoveWest;(16, 11);1;374
0;0.0;RemoveObject;(15, 6);;(16, 11);1;375
0;0.0;RemoveObject;(15, 6);;(16, 11);1;376
0;0.0;RemoveObject;(15, 6);MoveWest;(16, 11);1;377
0;0.0;RemoveObject;(15, 6);MoveWest;(16, 11);1;378
0;0.0;RemoveObject;(15, 6);MoveWest;(16, 11);1;379
0;0.0;RemoveObject;(15, 6);MoveWest;(16, 11);1;380
0;0.0;RemoveObject;(15, 6);MoveWest;(16, 11);1;381
0;0.0;RemoveObject;(15, 6);MoveWest;(15, 11);1;382
0;0.0;RemoveObject;(15, 6);MoveWest;(15, 11);1;383
0;0.0;RemoveObject;(15, 6);MoveWest;(15, 11);1;384
0;0.0;RemoveObject;(15, 6);MoveWest;(15, 11);1;385
0;0.0;RemoveObject;(15, 6);MoveWest;(15, 11);1;386
0;0.0;RemoveObject;(15, 6);MoveWest;(15, 11);1;387
0;0.0;RemoveObject;(15, 6);MoveWest;(14, 11);1;388
0;0.0;RemoveObject;(15, 6);MoveWest;(14, 11);1;389
0;0.0;RemoveObject;(15, 6);MoveWest;(14, 11);1;390
0;0.0;RemoveObject;(15, 6);MoveWest;(14, 11);1;391
0;0.0;RemoveObject;(15, 6);MoveWest;(14, 11);1;392
0;0.0;RemoveObject;(15, 6);MoveWest;(14, 11);1;393
0;0.0;RemoveObject;(15, 6);MoveWest;(13, 11);1;394
0;0.0;RemoveObject;(15, 6);MoveWest;(13, 11);1;395
0;0.0;RemoveObject;(15, 6);MoveWest;(13, 11);1;396
0;0.0;RemoveObject;(15, 6);MoveWest;(13, 11);1;397
0;0.0;RemoveObject;(15, 6);MoveWest;(13, 11);1;398
0;0.0;RemoveObject;(15, 6);MoveWest;(13, 11);1;399
0;0.0;RemoveObject;(15, 6);MoveWest;(12, 11);1;400
0;0.0;RemoveObject;(15, 6);;(12, 11);1;401
0;0.0;RemoveObject;(15, 6);;(12, 11);1;402
0;0.0;RemoveObject;(15, 6);;(12, 11);1;403
0;0.0;RemoveObject;(15, 6);MoveEast;(12, 11);1;404
0;0.0;RemoveObject;(15, 6);MoveEast;(12, 11);1;405
0;0.0;RemoveObject;(15, 6);MoveEast;(12, 11);1;406
0;0.0;RemoveObject;(15, 6);MoveEast;(12, 11);1;407
0;0.0;RemoveObject;(15, 6);MoveEast;(12, 11);1;408
0;0.0;RemoveObject;(15, 6);MoveEast;(13, 11);1;409
0;0.0;RemoveObject;(15, 6);;(13, 11);1;410
0;0.0;RemoveObject;(15, 6);MoveEast;(13, 11);1;411
0;0.0;RemoveObject;(15, 6);MoveEast;(13, 11);1;412
0;0.0;RemoveObject;(15, 6);MoveEast;(13, 11);1;413
0;0.0;RemoveObject;(15, 6);MoveEast;(13, 11);1;414
0;0.0;RemoveObject;(15, 6);MoveEast;(13, 11);1;415
0;0.0;RemoveObject;(15, 6);MoveEast;(14, 11);1;416
0;0.0;RemoveObject;(15, 6);MoveWest;(14, 11);1;417
0;0.0;RemoveObject;(15, 6);MoveWest;(14, 11);1;418
0;0.0;RemoveObject;(15, 6);MoveWest;(14, 11);1;419
0;0.0;RemoveObject;(15, 6);MoveWest;(14, 11);1;420
0;0.0;RemoveObject;(15, 6);MoveWest;(14, 11);1;421
0;0.0;RemoveObject;(15, 6);MoveWest;(13, 11);1;422
0;0.0;RemoveObject;(15, 6);MoveWest;(13, 11);1;423
0;0.0;RemoveObject;(15, 6);MoveWest;(13, 11);1;424
0;0.0;RemoveObject;(15, 6);MoveWest;(13, 11);1;425
0;0.0;RemoveObject;(15, 6);MoveWest;(13, 11);1;426
0;0.0;RemoveObject;(15, 6);MoveWest;(13, 11);1;427
0;0.0;RemoveObject;(15, 6);MoveWest;(12, 11);1;428
0;0.0;RemoveObject;(15, 6);MoveSouth;(12, 11);1;429
0;0.0;RemoveObject;(15, 6);MoveSouth;(12, 11);1;430
0;0.0;RemoveObject;(15, 6);MoveSouth;(12, 11);1;431
0;0.0;RemoveObject;(15, 6);MoveSouth;(12, 11);1;432
0;0.0;RemoveObject;(15, 6);MoveSouth;(12, 11);1;433
0;0.0;RemoveObject;(15, 6);MoveSouth;(12, 12);1;434
0;0.0;RemoveObject;(15, 6);MoveSouth;(12, 13);1;435
0;0.0;RemoveObject;(15, 6);;(12, 13);1;436
0;0.0;RemoveObject;(15, 6);;(12, 13);1;437
0;0.0;RemoveObject;(15, 6);;(12, 13);1;438
0;0.0;RemoveObject;(15, 6);;(12, 13);1;439
0;0.0;RemoveObject;(15, 6);;(12, 13);1;440
0;0.0;RemoveObject;(15, 6);;(12, 13);1;441
0;0.0;RemoveObject;(15, 6);;(12, 13);1;442
0;0.0;RemoveObject;(15, 6);MoveSouth;(12, 14);1;443
0;0.0;RemoveObject;(15, 6);;(12, 14);1;444
0;0.0;RemoveObject;(15, 6);;(12, 14);1;445
0;0.0;RemoveObject;(15, 6);MoveSouth;(12, 15);1;446
0;0.0;RemoveObject;(15, 6);;(12, 15);1;447
0;0.0;RemoveObject;(15, 6);;(12, 15);1;448
0;0.0;RemoveObject;(15, 6);;(12, 15);1;449
0;0.0;RemoveObject;(15, 6);;(12, 15);1;450
0;0.0;RemoveObject;(15, 6);;(12, 15);1;451
0;0.0;RemoveObject;(15, 6);;(12, 15);1;452
0;0.0;RemoveObject;(15, 6);MoveSouth;(12, 16);1;453
0;0.0;RemoveObject;(15, 6);;(12, 16);1;454
0;0.0;RemoveObject;(15, 6);;(12, 16);1;455
0;0.0;RemoveObject;(15, 6);;(12, 16);1;456
0;0.0;RemoveObject;(15, 6);;(12, 16);1;457
0;0.0;RemoveObject;(15, 6);MoveSouth;(12, 17);1;458
0;0.0;RemoveObject;(15, 6);;(12, 17);1;459
0;0.0;RemoveObject;(15, 6);;(12, 17);1;460
0;0.0;RemoveObject;(15, 6);;(12, 17);1;461
0;0.0;RemoveObject;(15, 6);MoveWest;(11, 17);1;462
0;0.0;RemoveObject;(15, 6);MoveWest;(10, 17);1;463
0;0.0;RemoveObject;(15, 6);;(10, 17);1;464
0;0.0;MoveSouth;(15, 6);;(10, 17);1;465
0;0.0;MoveSouth;(15, 6);MoveWest;(9, 17);1;466
0;0.0;MoveSouth;(15, 6);;(9, 17);1;467
0;0.0;MoveSouth;(15, 6);;(9, 17);1;468
0;0.0;MoveSouth;(15, 6);;(9, 17);1;469
0;0.0;MoveSouth;(15, 6);;(9, 17);1;470
0;0.0;MoveSouth;(15, 6);;(9, 17);1;471
0;0.0;MoveSouth;(15, 6);;(9, 17);1;472
0;0.0;MoveSouth;(15, 7);;(9, 17);1;473
0;0.0;MoveSouthWest;(15, 7);MoveWest;(8, 17);1;474
0;0.0;MoveSouthWest;(15, 7);;(8, 17);1;475
0;0.0;MoveSouthWest;(15, 7);MoveWest;(8, 17);1;476
0;0.0;MoveSouthWest;(15, 7);MoveWest;(8, 17);1;477
0;0.0;MoveSouthWest;(15, 7);MoveWest;(8, 17);1;478
0;0.0;MoveSouthWest;(15, 7);MoveWest;(8, 17);1;479
0;0.0;MoveSouthWest;(15, 7);MoveWest;(8, 17);1;480
0;0.0;MoveSouthWest;(15, 7);MoveWest;(7, 17);1;481
0;0.0;MoveSouthWest;(14, 8);MoveWest;(7, 17);1;482
0;0.0;MoveSouthEast;(14, 8);MoveWest;(7, 17);1;483
0;0.0;MoveSouthEast;(14, 8);MoveWest;(7, 17);1;484
0;0.0;MoveSouthEast;(14, 8);MoveWest;(7, 17);1;485
0;0.0;MoveSouthEast;(14, 8);MoveWest;(7, 17);1;486
0;0.0;MoveSouthEast;(14, 8);MoveWest;(6, 17);1;487
0;0.0;MoveSouthEast;(14, 8);MoveWest;(6, 17);1;488
0;0.0;MoveSouthEast;(14, 8);MoveWest;(6, 17);1;489
0;0.0;MoveSouthEast;(14, 8);MoveWest;(6, 17);1;490
0;0.0;MoveSouthEast;(15, 9);MoveWest;(6, 17);1;491
0;0.0;MoveNorthEast;(15, 9);MoveWest;(6, 17);1;492
0;0.0;MoveNorthEast;(15, 9);MoveWest;(5, 17);1;493
0;0.0;MoveNorthEast;(15, 9);MoveNorth;(5, 17);1;494
0;0.0;MoveNorthEast;(15, 9);MoveNorth;(5, 17);1;495
0;0.0;MoveNorthEast;(15, 9);MoveNorth;(5, 17);1;496
0;0.0;MoveNorthEast;(15, 9);MoveNorth;(5, 17);1;497
0;0.0;MoveNorthEast;(15, 9);MoveNorth;(5, 17);1;498
0;0.0;MoveNorthEast;(15, 9);MoveNorth;(5, 17);1;499
0;0.0;MoveNorthEast;(16, 8);MoveNorth;(5, 17);1;500
0;0.0;;(16, 8);MoveNorth;(5, 17);1;501
0;0.0;;(16, 8);MoveNorth;(5, 17);1;502
0;0.0;;(16, 8);MoveNorth;(5, 17);1;503
0;0.0;;(16, 8);MoveNorth;(5, 17);1;504
0;0.0;;(16, 8);MoveNorth;(5, 17);1;505
0;0.0;;(16, 8);;(5, 17);1;506
0;0.0;;(16, 8);;(5, 17);1;507
0;0.0;;(16, 8);;(5, 17);1;508
0;0.0;;(16, 8);;(5, 17);1;509
0;0.0;;(16, 8);;(5, 17);1;510
0;0.0;;(16, 8);;(5, 17);1;511
0;0.0;;(16, 8);;(5, 17);1;512
0;0.0;;(16, 8);;(5, 17);1;513
0;0.0;;(16, 8);;(5, 17);1;514
0;0.0;;(16, 8);;(5, 17);1;515
0;0.0;;(16, 8);;(5, 17);1;516
0;0.0;;(16, 8);;(5, 17);1;517
0;0.0;;(16, 8);;(5, 17);1;518
0;0.0;Idle;(16, 8);;(5, 17);1;519
0;0.0;Idle;(16, 8);;(5, 17);1;520
0;0.0;Idle;(16, 8);;(5, 17);1;521
0;0.0;Idle;(16, 8);;(5, 17);1;522
0;0.0;Idle;(16, 8);;(5, 17);1;523
0;0.0;Idle;(16, 8);;(5, 17);1;524
0;0.0;Idle;(16, 8);;(5, 17);1;525
0;0.0;Idle;(16, 8);;(5, 17);1;526
0;0.0;Idle;(16, 8);;(5, 17);1;527
0;0.0;Idle;(16, 8);;(5, 17);1;528
0;0.0;Idle;(16, 8);;(5, 17);1;529
0;0.0;Idle;(16, 8);;(5, 17);1;530
0;0.0;Idle;(16, 8);;(5, 17);1;531
0;0.0;Idle;(16, 8);;(5, 17);1;532
0;0.0;Idle;(16, 8);;(5, 17);1;533
0;0.0;Idle;(16, 8);;(5, 17);1;534
0;0.0;Idle;(16, 8);;(5, 17);1;535
0;0.0;Idle;(16, 8);;(5, 17);1;536
0;0.0;Idle;(16, 8);;(5, 17);1;537
0;0.0;Idle;(16, 8);;(5, 17);1;538
0;0.0;Idle;(16, 8);;(5, 17);1;539
0;0.0;Idle;(16, 8);;(5, 17);1;540
0;0.0;Idle;(16, 8);;(5, 17);1;541
0;0.0;Idle;(16, 8);;(5, 17);1;542
0;0.0;Idle;(16, 8);;(5, 17);1;543
0;0.0;Idle;(16, 8);;(5, 17);1;544
0;0.0;MoveWest;(16, 8);;(5, 17);1;545
0;0.0;MoveWest;(16, 8);;(5, 17);1;546
0;0.0;MoveWest;(16, 8);;(5, 17);1;547
0;0.0;MoveWest;(16, 8);;(5, 17);1;548
0;0.0;MoveWest;(16, 8);;(5, 17);1;549
0;0.0;MoveWest;(16, 8);;(5, 17);1;550
0;0.0;MoveWest;(16, 8);;(5, 17);1;551
0;0.0;MoveWest;(16, 8);;(5, 17);1;552
0;0.0;MoveWest;(15, 8);;(5, 17);1;553
0;0.0;MoveWest;(15, 8);;(5, 17);1;554
0;0.0;MoveWest;(15, 8);;(5, 17);1;555
0;0.0;MoveWest;(15, 8);;(5, 17);1;556
0;0.0;MoveWest;(15, 8);;(5, 17);1;557
0;0.0;MoveWest;(15, 8);;(5, 17);1;558
0;0.0;MoveWest;(15, 8);;(5, 17);1;559
0;0.0;MoveWest;(15, 8);;(5, 17);1;560
0;0.0;MoveWest;(15, 8);;(5, 17);1;561
0;0.0;MoveWest;(14, 8);;(5, 17);1;562
0;0.0;;(14, 8);;(5, 17);1;563
0;0.0;;(14, 8);;(5, 17);1;564
0;0.0;;(14, 8);;(5, 17);1;565
0;0.0;;(14, 8);;(5, 17);1;566
0;0.0;;(14, 8);;(5, 17);1;567
0;0.0;;(14, 8);;(5, 17);1;568
0;0.0;;(14, 8);;(5, 17);1;569
0;0.0;;(14, 8);;(5, 17);1;570
0;0.0;;(14, 8);;(5, 17);1;571
0;0.0;;(14, 8);;(5, 17);1;572
0;0.0;;(14, 8);;(5, 17);1;573
0;0.0;;(14, 8);;(5, 17);1;574
0;0.0;;(14, 8);;(5, 17);1;575
0;0.0;;(14, 8);;(5, 17);1;576
0;0.0;;(14, 8);;(5, 17);1;577
0;0.0;;(14, 8);;(5, 17);1;578
0;0.0;;(14, 8);;(5, 17);1;579
0;0.0;;(14, 8);;(5, 17);1;580
0;0.0;;(14, 8);;(5, 17);1;581
0;0.0;;(14, 8);;(5, 17);1;582
0;0.0;;(14, 8);;(5, 17);1;583
0;0.0;;(14, 8);;(5, 17);1;584
0;0.0;;(14, 8);;(5, 17);1;585
0;0.0;;(14, 8);;(5, 17);1;586
0;0.0;;(14, 8);;(5, 17);1;587
0;0.0;;(14, 8);;(5, 17);1;588
0;0.0;;(14, 8);;(5, 17);1;589
0;0.0;;(14, 8);;(5, 17);1;590
0;0.0;;(14, 8);;(5, 17);1;591
0;0.0;;(14, 8);;(5, 17);1;592
0;0.0;;(14, 8);MoveNorth;(5, 17);1;593
0;0.0;;(14, 8);MoveNorth;(5, 17);1;594
0;0.0;;(14, 8);MoveNorth;(5, 17);1;595
0;0.0;;(14, 8);MoveNorth;(5, 17);1;596
0;0.0;;(14, 8);MoveNorth;(5, 17);1;597
0;0.0;;(14, 8);MoveNorth;(5, 17);1;598
0;0.0;;(14, 8);MoveEast;(5, 17);1;599
0;0.0;;(14, 8);MoveEast;(5, 17);1;600
0;0.0;;(14, 8);MoveEast;(5, 17);1;601
0;0.0;;(14, 8);MoveEast;(5, 17);1;602
0;0.0;;(14, 8);MoveEast;(5, 17);1;603
0;0.0;;(14, 8);MoveEast;(6, 17);1;604
0;0.0;;(14, 8);;(6, 17);1;605
0;0.0;;(14, 8);;(6, 17);1;606
0;0.0;;(14, 8);;(6, 17);1;607
0;0.0;;(14, 8);;(6, 17);1;608
0;0.0;;(14, 8);;(6, 17);1;609
0;0.0;;(14, 8);;(6, 17);1;610
0;0.0;;(14, 8);;(6, 17);1;611
0;0.0;;(14, 8);MoveNorth;(6, 17);1;612
0;0.0;;(14, 8);MoveNorth;(6, 17);1;613
0;0.0;;(14, 8);MoveNorth;(6, 17);1;614
0;0.0;;(14, 8);MoveNorth;(6, 17);1;615
0;0.0;;(14, 8);MoveNorth;(6, 17);1;616
0;0.0;;(14, 8);MoveNorth;(6, 16);1;617
0;0.0;;(14, 8);MoveNorth;(6, 16);1;618
0;0.0;;(14, 8);MoveNorth;(6, 16);1;619
0;0.0;;(14, 8);MoveNorth;(6, 16);1;620
0;0.0;;(14, 8);MoveNorth;(6, 16);1;621
0;0.0;;(14, 8);MoveNorth;(6, 16);1;622
0;0.0;;(14, 8);MoveNorth;(6, 15);1;623
0;0.0;;(14, 8);MoveNorth;(6, 15);1;624
0;0.0;;(14, 8);MoveNorth;(6, 15);1;625
0;0.0;;(14, 8);MoveNorth;(6, 15);1;626
0;0.0;;(14, 8);MoveNorth;(6, 15);1;627
0;0.0;;(14, 8);MoveNorth;(6, 15);1;628
0;0.0;;(14, 8);MoveNorth;(6, 14);1;629
0;0.0;;(14, 8);;(6, 14);1;630
0;0.0;;(14, 8);;(6, 14);1;631
0;0.0;;(14, 8);;(6, 14);1;632
0;0.0;;(14, 8);;(6, 14);1;633
0;0.0;;(14, 8);;(6, 14);1;634
0;0.0;;(14, 8);;(6, 14);1;635
0;0.0;;(14, 8);;(6, 14);1;636
0;0.0;;(14, 8);;(6, 14);1;637
0;0.0;;(14, 8);;(6, 14);1;638
0;0.0;;(14, 8);;(6, 14);1;639
0;0.0;;(14, 8);;(6, 14);1;640
0;0.0;;(14, 8);;(6, 14);1;641
0;0.0;;(14, 8);;(6, 14);1;642
0;0.0;;(14, 8);;(6, 14);1;643
0;0.0;;(14, 8);;(6, 14);1;644
0;0.0;;(14, 8);;(6, 14);1;645
0;0.0;;(14, 8);;(6, 14);1;646
0;0.0;;(14, 8);;(6, 14);1;647
0;0.0;;(14, 8);;(6, 14);1;648
0;0.0;;(14, 8);;(6, 14);1;649
0;0.0;;(14, 8);;(6, 14);1;650
0;0.0;;(14, 8);;(6, 14);1;651
0;0.0;;(14, 8);;(6, 14);1;652
0;0.0;;(14, 8);;(6, 14);1;653
0;0.0;;(14, 8);;(6, 14);1;654
0;0.0;;(14, 8);;(6, 14);1;655
0;0.0;;(14, 8);;(6, 14);1;656
0;0.0;;(14, 8);;(6, 14);1;657
0;0.0;;(14, 8);;(6, 14);1;658
0;0.0;;(14, 8);;(6, 14);1;659
0;0.0;;(14, 8);;(6, 14);1;660
0;0.0;;(14, 8);;(6, 14);1;661
0;0.0;;(14, 8);;(6, 14);1;662
0;0.0;;(14, 8);;(6, 14);1;663
0;0.0;;(14, 8);;(6, 14);1;664
0;0.0;;(14, 8);;(6, 14);1;665
0;0.0;;(14, 8);;(6, 14);1;666
0;0.0;;(14, 8);;(6, 14);1;667
0;0.0;;(14, 8);;(6, 14);1;668
0;0.0;;(14, 8);;(6, 14);1;669
0;0.0;;(14, 8);;(6, 14);1;670
0;0.0;;(14, 8);;(6, 14);1;671
0;0.0;;(14, 8);;(6, 14);1;672
0;0.0;;(14, 8);;(6, 14);1;673
0;0.0;;(14, 8);;(6, 14);1;674
0;0.0;;(14, 8);;(6, 14);1;675
0;0.0;;(14, 8);;(6, 14);1;676
0;0.0;;(14, 8);;(6, 14);1;677
0;0.0;;(14, 8);;(6, 14);1;678
0;0.0;;(14, 8);;(6, 14);1;679
0;0.0;;(14, 8);;(6, 14);1;680
0;0.0;;(14, 8);;(6, 14);1;681
0;0.0;;(14, 8);;(6, 14);1;682
0;0.0;;(14, 8);;(6, 14);1;683
0;0.0;;(14, 8);;(6, 14);1;684
0;0.0;;(14, 8);;(6, 14);1;685
0;0.0;;(14, 8);;(6, 14);1;686
0;0.0;;(14, 8);;(6, 14);1;687
0;0.0;;(14, 8);;(6, 14);1;688
0;0.0;;(14, 8);;(6, 14);1;689
0;0.0;;(14, 8);;(6, 14);1;690
0;0.0;;(14, 8);;(6, 14);1;691
0;0.0;;(14, 8);;(6, 14);1;692
0;0.0;;(14, 8);;(6, 14);1;693
0;0.0;;(14, 8);;(6, 14);1;694
0;0.0;;(14, 8);;(6, 14);1;695
0;0.0;;(14, 8);;(6, 14);1;696
0;0.0;;(14, 8);;(6, 14);1;697
0;0.0;;(14, 8);;(6, 14);1;698
0;0.0;;(14, 8);;(6, 14);1;699
0;0.0;;(14, 8);;(6, 14);1;700
0;0.0;;(14, 8);;(6, 14);1;701
0;0.0;;(14, 8);;(6, 14);1;702
0;0.0;;(14, 8);;(6, 14);1;703
0;0.0;;(14, 8);;(6, 14);1;704
0;0.0;;(14, 8);;(6, 14);1;705
0;0.0;;(14, 8);;(6, 14);1;706
0;0.0;;(14, 8);;(6, 14);1;707
0;0.0;;(14, 8);;(6, 14);1;708
0;0.0;;(14, 8);;(6, 14);1;709
0;0.0;;(14, 8);;(6, 14);1;710
0;0.0;;(14, 8);;(6, 14);1;711
0;0.0;;(14, 8);;(6, 14);1;712
0;0.0;;(14, 8);;(6, 14);1;713
0;0.0;;(14, 8);;(6, 14);1;714
0;0.0;;(14, 8);;(6, 14);1;715
0;0.0;;(14, 8);;(6, 14);1;716
0;0.0;;(14, 8);;(6, 14);1;717
0;0.0;;(14, 8);;(6, 14);1;718
0;0.0;;(14, 8);;(6, 14);1;719
0;0.0;;(14, 8);;(6, 14);1;720
0;0.0;;(14, 8);;(6, 14);1;721
0;0.0;;(14, 8);;(6, 14);1;722
0;0.0;;(14, 8);;(6, 14);1;723
0;0.0;;(14, 8);;(6, 14);1;724
0;0.0;;(14, 8);;(6, 14);1;725
0;0.0;;(14, 8);;(6, 14);1;726
0;0.0;;(14, 8);;(6, 14);1;727
0;0.0;;(14, 8);;(6, 14);1;728
0;0.0;;(14, 8);;(6, 14);1;729
0;0.0;;(14, 8);;(6, 14);1;730
0;0.0;;(14, 8);;(6, 14);1;731
0;0.0;;(14, 8);;(6, 14);1;732
0;0.0;;(14, 8);;(6, 14);1;733
0;0.0;;(14, 8);;(6, 14);1;734
0;0.0;;(14, 8);;(6, 14);1;735
0;0.0;;(14, 8);;(6, 14);1;736
0;0.0;;(14, 8);;(6, 14);1;737
0;0.0;;(14, 8);;(6, 14);1;738
0;0.0;;(14, 8);;(6, 14);1;739
0;0.0;;(14, 8);;(6, 14);1;740
0;0.0;;(14, 8);;(6, 14);1;741
0;0.0;;(14, 8);;(6, 14);1;742
0;0.0;;(14, 8);;(6, 14);1;743
0;0.0;;(14, 8);;(6, 14);1;744
0;0.0;;(14, 8);;(6, 14);1;745
0;0.0;;(14, 8);;(6, 14);1;746
0;0.0;;(14, 8);;(6, 14);1;747
0;0.0;;(14, 8);;(6, 14);1;748
0;0.0;;(14, 8);;(6, 14);1;749
0;0.0;;(14, 8);;(6, 14);1;750
0;0.0;;(14, 8);;(6, 14);1;751
0;0.0;;(14, 8);;(6, 14);1;752
0;0.0;;(14, 8);;(6, 14);1;753
0;0.0;;(14, 8);;(6, 14);1;754
0;0.0;;(14, 8);;(6, 14);1;755
0;0.0;;(14, 8);;(6, 14);1;756
0;0.0;;(14, 8);;(6, 14);1;757
0;0.0;;(14, 8);;(6, 14);1;758
0;0.0;;(14, 8);;(6, 14);1;759
0;0.0;;(14, 8);;(6, 14);1;760
0;0.0;;(14, 8);;(6, 14);1;761
0;0.0;;(14, 8);;(6, 14);1;762
0;0.0;;(14, 8);;(6, 14);1;763
0;0.0;CarryObject;(14, 8);;(6, 14);1;764
0;0.0;CarryObject;(14, 8);;(6, 14);1;765
0;0.0;CarryObject;(14, 8);;(6, 14);1;766
0;0.0;CarryObject;(14, 8);;(6, 14);1;767
0;0.0;CarryObject;(14, 8);;(6, 14);1;768
0;0.0;CarryObject;(14, 8);;(6, 14);1;769
0;0.0;CarryObject;(14, 8);;(6, 14);1;770
0;0.0;CarryObject;(14, 8);;(6, 14);1;771
0;0.0;CarryObject;(14, 8);;(6, 14);1;772
0;0.0;CarryObject;(14, 8);;(6, 14);1;773
0;0.0;CarryObject;(14, 8);;(6, 14);1;774
0;0.0;CarryObject;(14, 8);;(6, 14);1;775
0;0.0;CarryObject;(14, 8);;(6, 14);1;776
0;0.0;CarryObject;(14, 8);;(6, 14);1;777
0;0.0;CarryObject;(14, 8);;(6, 14);1;778
0;0.0;CarryObject;(14, 8);;(6, 14);1;779
0;0.0;CarryObject;(14, 8);;(6, 14);1;780
0;0.0;CarryObject;(14, 8);;(6, 14);1;781
0;0.0;CarryObject;(14, 8);;(6, 14);1;782
0;0.0;CarryObject;(14, 8);;(6, 14);1;783
0;0.0;CarryObject;(14, 8);;(6, 14);1;784
0;0.0;CarryObject;(14, 8);;(6, 14);1;785
0;0.0;CarryObject;(14, 8);;(6, 14);1;786
0;0.0;CarryObject;(14, 8);;(6, 14);1;787
0;0.0;CarryObject;(14, 8);;(6, 14);1;788
0;0.0;CarryObject;(14, 8);;(6, 14);1;789
0;0.0;CarryObject;(14, 8);;(6, 14);1;790
0;0.0;CarryObject;(14, 8);;(6, 14);1;791
0;0.0;CarryObject;(14, 8);;(6, 14);1;792
0;0.0;CarryObject;(14, 8);;(6, 14);1;793
0;0.0;CarryObject;(14, 8);;(6, 14);1;794
0;0.0;CarryObject;(14, 8);;(6, 14);1;795
0;0.0;CarryObject;(14, 8);;(6, 14);1;796
0;0.0;CarryObject;(14, 8);;(6, 14);1;797
0;0.0;CarryObject;(14, 8);;(6, 14);1;798
0;0.0;CarryObject;(14, 8);;(6, 14);1;799
0;0.0;CarryObject;(14, 8);;(6, 14);1;800
0;0.0;CarryObject;(14, 8);;(6, 14);1;801
0;0.0;CarryObject;(14, 8);;(6, 14);1;802
0;0.0;CarryObject;(14, 8);;(6, 14);1;803
0;0.0;CarryObject;(14, 8);;(6, 14);1;804
0;0.0;CarryObject;(14, 8);;(6, 14);1;805
0;0.0;CarryObject;(14, 8);;(6, 14);1;806
0;0.0;CarryObject;(14, 8);;(6, 14);1;807
0;0.0;CarryObject;(14, 8);;(6, 14);1;808
0;0.0;CarryObject;(14, 8);;(6, 14);1;809
0;0.0;CarryObject;(14, 8);;(6, 14);1;810
0;0.0;CarryObject;(14, 8);;(6, 14);1;811
0;0.0;CarryObject;(14, 8);;(6, 14);1;812
0;0.0;CarryObject;(14, 8);;(6, 14);1;813
0;0.0;CarryObject;(14, 8);;(6, 14);1;814
0;0.0;CarryObject;(14, 8);;(6, 14);1;815
0;0.0;CarryObject;(14, 8);;(6, 14);1;816
0;0.0;CarryObject;(14, 8);;(6, 14);1;817
0;0.0;CarryObject;(14, 8);;(6, 14);1;818
0;0.0;CarryObject;(14, 8);;(6, 14);1;819
0;0.0;CarryObject;(14, 8);;(6, 14);1;820
0;0.0;CarryObject;(14, 8);;(6, 14);1;821
0;0.0;CarryObject;(14, 8);;(6, 14);1;822
0;0.0;CarryObject;(14, 8);;(6, 14);1;823
0;0.0;CarryObject;(14, 8);;(6, 14);1;824
0;0.0;CarryObject;(14, 8);;(6, 14);1;825
0;0.0;CarryObject;(14, 8);;(6, 14);1;826
0;0.0;CarryObject;(14, 8);;(6, 14);1;827
0;0.0;CarryObject;(14, 8);;(6, 14);1;828
0;0.0;CarryObject;(14, 8);;(6, 14);1;829
0;0.0;CarryObject;(14, 8);;(6, 14);1;830
0;0.0;CarryObject;(14, 8);;(6, 14);1;831
0;0.0;CarryObject;(14, 8);;(6, 14);1;832
0;0.0;CarryObject;(14, 8);;(6, 14);1;833
0;0.0;CarryObject;(14, 8);;(6, 14);1;834
0;0.0;CarryObject;(14, 8);;(6, 14);1;835
0;0.0;CarryObject;(14, 8);;(6, 14);1;836
0;0.0;CarryObject;(14, 8);;(6, 14);1;837
0;0.0;CarryObject;(14, 8);;(6, 14);1;838
0;0.0;CarryObject;(14, 8);;(6, 14);1;839
0;0.0;CarryObject;(14, 8);;(6, 14);1;840
0;0.0;CarryObject;(14, 8);;(6, 14);1;841
0;0.0;CarryObject;(14, 8);;(6, 14);1;842
0;0.0;CarryObject;(14, 8);;(6, 14);1;843
0;0.0;CarryObject;(14, 8);;(6, 14);1;844
0;0.0;CarryObject;(14, 8);;(6, 14);1;845
0;0.0;CarryObject;(14, 8);;(6, 14);1;846
0;0.0;CarryObject;(14, 8);;(6, 14);1;847
0;0.0;CarryObject;(14, 8);;(6, 14);1;848
0;0.0;CarryObject;(14, 8);;(6, 14);1;849
0;0.0;CarryObject;(14, 8);;(6, 14);1;850
0;0.0;CarryObject;(14, 8);;(6, 14);1;851
0;0.0;CarryObject;(14, 8);;(6, 14);1;852
0;0.0;CarryObject;(14, 8);;(6, 14);1;853
0;0.0;CarryObject;(14, 8);;(6, 14);1;854
0;0.0;CarryObject;(14, 8);;(6, 14);1;855
0;0.0;CarryObject;(14, 8);;(6, 14);1;856
0;0.0;CarryObject;(14, 8);;(6, 14);1;857
0;0.0;CarryObject;(14, 8);;(6, 14);1;858
0;0.0;CarryObject;(14, 8);;(6, 14);1;859
0;0.0;CarryObject;(14, 8);;(6, 14);1;860
0;0.0;CarryObject;(14, 8);;(6, 14);1;861
0;0.0;CarryObject;(14, 8);;(6, 14);1;862
0;0.0;CarryObject;(14, 8);;(6, 14);1;863
0;0.0;CarryObject;(14, 8);;(6, 14);1;864
0;0.0;CarryObject;(14, 8);;(6, 14);1;865
0;0.0;CarryObject;(14, 8);;(6, 14);1;866
0;0.0;CarryObject;(14, 8);;(6, 14);1;867
0;0.0;CarryObject;(14, 8);;(6, 14);1;868
0;0.0;CarryObject;(14, 8);;(6, 14);1;869
0;0.0;CarryObject;(14, 8);;(6, 14);1;870
0;0.0;CarryObject;(14, 8);;(6, 14);1;871
0;0.0;CarryObject;(14, 8);;(6, 14);1;872
0;0.0;CarryObject;(14, 8);;(6, 14);1;873
0;0.0;CarryObject;(14, 8);;(6, 14);1;874
0;0.0;CarryObject;(14, 8);;(6, 14);1;875
0;0.0;CarryObject;(14, 8);;(6, 14);1;876
0;0.0;CarryObject;(14, 8);;(6, 14);1;877
0;0.0;CarryObject;(14, 8);;(6, 14);1;878
0;0.0;CarryObject;(14, 8);;(6, 14);1;879
0;0.0;CarryObject;(14, 8);;(6, 14);1;880
0;0.0;CarryObject;(14, 8);;(6, 14);1;881
0;0.0;CarryObject;(14, 8);;(6, 14);1;882
0;0.0;CarryObject;(14, 8);;(6, 14);1;883
0;0.0;CarryObject;(14, 8);;(6, 14);1;884
0;0.0;CarryObject;(14, 8);;(6, 14);1;885
0;0.0;CarryObject;(14, 8);;(6, 14);1;886
0;0.0;CarryObject;(14, 8);;(6, 14);1;887
0;0.0;CarryObject;(14, 8);;(6, 14);1;888
0;0.0;CarryObject;(14, 8);;(6, 14);1;889
0;0.0;CarryObject;(14, 8);;(6, 14);1;890
0;0.0;CarryObject;(14, 8);;(6, 14);1;891
0;0.0;CarryObject;(14, 8);;(6, 14);1;892
0;0.0;CarryObject;(14, 8);;(6, 14);1;893
0;0.0;CarryObject;(14, 8);;(6, 14);1;894
0;0.0;CarryObject;(14, 8);;(6, 14);1;895
0;0.0;CarryObject;(14, 8);;(6, 14);1;896
0;0.0;CarryObject;(14, 8);;(6, 14);1;897
0;0.0;CarryObject;(14, 8);;(6, 14);1;898
0;0.0;CarryObject;(14, 8);;(6, 14);1;899
0;0.0;CarryObject;(14, 8);;(6, 14);1;900
0;0.0;CarryObject;(14, 8);;(6, 14);1;901
0;0.0;CarryObject;(14, 8);;(6, 14);1;902
0;0.0;CarryObject;(14, 8);;(6, 14);1;903
0;0.0;CarryObject;(14, 8);;(6, 14);1;904
0;0.0;CarryObject;(14, 8);;(6, 14);1;905
0;0.0;CarryObject;(14, 8);;(6, 14);1;906
0;0.0;CarryObject;(14, 8);;(6, 14);1;907
0;0.0;CarryObject;(14, 8);;(6, 14);1;908
0;0.0;CarryObject;(14, 8);;(6, 14);1;909
0;0.0;CarryObject;(14, 8);;(6, 14);1;910
0;0.0;CarryObject;(14, 8);;(6, 14);1;911
0;0.0;CarryObject;(14, 8);;(6, 14);1;912
0;0.0;CarryObject;(14, 8);;(6, 14);1;913
0;0.0;CarryObject;(14, 8);;(6, 14);1;914
